Location Id,Location,Total Pulls,Total Products Restocked,Total Restock Incidents,Total OOS Incidents,Avg Daily Pulls,Restocking Frequency (per day),OOS Frequency (per day),Avg OOS Duration (hours),OOS-to-Restock Ratio,Velocity-to-Restock Ratio,OOS Duration per Fill,Pulls per Fill
2394,Store B,1540.0,1991.0,723,4.0,0.4405034324942792,0.1902631578947368,0.001052631578947368,0.4999912611111111,0.0012597433272970601,1.0653456323816117,0.3936629093072286,1.2693119118482283
2680,Store A,96716.0,97747.0,40365,3496.0,6.362894736842105,2.6555921052631577,0.22999999999999995,7.387190796934877,0.13710478730517298,2.285602405300545,1.2843545767735607,2.303253335665724
