Location Id,Location,Total OOS Incidents,Total OOS Duration (hours),Avg OOS Duration (hours),OOS Frequency (per day)
2394,Store B,4,33.002721111111114,8.250680277777779,0.02631578947368421
2680,Store A,3298,226.96356555555556,0.06881854625699077,21.69736842105263
